place_id,name,rating,user_ratings_total,category,rating_rank
ChIJex3pOaxZwokRon8dGyD7utM,"Best Bagel & Coffee",4.6,6391,"'Bagel shop', 'Breakfast restaurant', 'Cafe', 'Coffee shop'",1
ChIJ97BgiDtfwokRsbkP6Vl1seY,"New York City Bagel & Coffee House",4.4,712,"'Bagel shop', 'Breakfast restaurant', 'Coffee shop', 'Espresso bar', 'Gluten-free restaurant', 'Sandwich shop'",1
ChIJcaZiKLVZwokRmPzP29O2DNU,"In Common NYC - A Breakfast & Brunch Restaurant",4.5,1948,"'Breakfast restaurant', 'Brunch restaurant', 'Cafe', 'Espresso bar'",1
ChIJ63ly5nlZwokR9tEeeucKRnA,"Urbana Cafe and Gallery",4.6,377,"'Cafe'",1
ChIJjdjCLlJZwokR-qJu3EjlDEg,"Coffee Project New York | Chelsea",4.3,338,"'Cafe'",2
ChIJ01nLKYhZwokR59aeGeGrmq0,"Sweet Moment",4.5,1400,"'Cafe', 'Bakery', 'Coffee shop', 'Dessert shop', 'Espresso bar', 'Ice cream shop', 'Restaurant'",1
ChIJgTMBOPtbwokR1Y0sSidhvqI,"Conwell Coffee & Cocktail Hall",4.4,685,"'Cafe', 'Bar', 'Breakfast restaurant', 'Cocktail bar', 'Coffee shop', 'Small plates restaurant'",1
ChIJKRXhKhJZwokRWj3WvCjgBao,"Bluestone Lane Manhattan West Caf√©",4.5,337,"'Cafe', 'Bar', 'Coffee shop'",1
ChIJA9c33pxZwokRzubVjQK9pFM,"Abra√ßo",4.3,992,"'Cafe', 'Bar', 'Restaurant'",1
ChIJuU3yhK9ZwokRVls7Mp3XqLY,"Little Collins",4.5,2508,"'Cafe', 'Breakfast restaurant', 'Brunch restaurant', 'Coffee shop', 'Espresso bar', 'Lunch restaurant', 'Restaurant'",1
ChIJtz83BQFcwokRrUZ9HpeGOng,"SEY Coffee",4.6,1000,"'Cafe', 'Coffee roasters', 'Coffee shop', 'Coffee wholesaler', 'Espresso bar', 'Tea house'",1
ChIJQeNfnQ9ZwokRl84N7A2loNs,"Amano Cafe",4.5,472,"'Cafe', 'Coffee shop'",1
ChIJ6-Q2PJJZwokRqXUdFUYb--Y,"Porto Rico Importing Co.",4.7,846,"'Coffee roasters', 'Cafe', 'Coffee machine supplier', 'Coffee shop', 'Coffee store', 'Coffee wholesaler', 'Spice store', 'Tea house', 'Tea store', 'Tea wholesaler'",1
ChIJm-xEoHxZwokRTStZFhfbrKA,"Gold coffee",4.9,916,"'Coffee shop'",1
ChIJuZyP_hdawokRpnBP2rMI9Pk,"Voyager Espresso",4.9,473,"'Coffee shop'",2
ChIJRWo8v4RZwokRbggnxWmoWpA,"787 Coffee",4.9,3776,"'Coffee shop'",3
ChIJvcnXGhdZwokR0JfITpUXiKM,"787 Coffee",4.9,3512,"'Coffee shop'",4
ChIJBRY0FTJZwokRO9yVHnHsu9k,"787 Coffee",4.9,3263,"'Coffee shop'",5
ChIJR6rSfzdbwokRqxjfFh0tj4I,"787 Coffee",4.9,3110,"'Coffee shop'",6
ChIJu4_xxtBZwokRZf7uV1hSzt4,"787 Coffee",4.9,3046,"'Coffee shop'",7
ChIJs88PkWVZwokR2jF02LIXkw0,"787 Coffee",4.9,2906,"'Coffee shop'",8
ChIJkRrVE11ZwokR49wrhCtS89A,"787 Coffee",4.9,2744,"'Coffee shop'",9
ChIJ9Tfdk8dZwokRiz6jQxTHOnY,"787 Coffee",4.9,2449,"'Coffee shop'",10
ChIJK0YMWmdZwokRwRsOreYzArU,"787 Coffee",4.9,2343,"'Coffee shop'",11
ChIJyyI0QwBbwokRvRgvBajyr7w,"Red Coffee Stand",4.9,212,"'Coffee shop'",12
ChIJB6qX54RZwokR6mrd0V1iOuw,"Current Coffee",4.9,151,"'Coffee shop'",13
ChIJR-faCfhZwokRr2eLEWntd8w,"Copper Mug Coffee",4.8,841,"'Coffee shop'",14
ChIJAQBwaxdawokRFu8tsgCttow,"Manon Cafe Leonidas",4.8,78,"'Coffee shop'",15
ChIJv6INkhtZwokR5Ol7iuc6TJc,"Urban Backyard",4.8,692,"'Coffee shop'",16
ChIJw1j_MK1ZwokRJ_9Wz_NoAaQ,"Aleef Cafe",4.8,532,"'Coffee shop'",17
ChIJZ77sUzxbwokR_tqJzDm3zDs,"Kor√© Coffee",4.8,505,"'Coffee shop'",18
ChIJ41W9caFZwokRVJOfTKNepZI,"787 Coffee Co.",4.8,4737,"'Coffee shop'",19
ChIJvS7ch8JZwokRTk5uS1m7x_4,"Blank Street",4.8,423,"'Coffee shop'",20
ChIJgUdlRHBZwokRbItfBfdQIiI,"Frisson Espresso 44",4.8,401,"'Coffee shop'",21
ChIJn2zHbLJbwokRHtSlCcMRjqM,"787 Coffee",4.8,3530,"'Coffee shop'",22
ChIJU7LUmalbwokRMMHPFOBMpLg,"Dreamers Coffee House",4.8,205,"'Coffee shop'",23
ChIJw_L7o8BZwokRKbQ7ZRSqdO0,"BUNGEE Coffee",4.7,46,"'Coffee shop'",24
ChIJU_tU6kpZwokR-pX4kn5VSBA,"L√™ Phin",4.7,408,"'Coffee shop'",25
ChIJ4cQHM7RZwokRsUKr_eVuSNw,"ARVACI coffee",4.7,343,"'Coffee shop'",26
ChIJ1SIh98hZwokRuEuNic36pJg,"Blank Street Coffee",4.7,321,"'Coffee shop'",27
ChIJnbDrp2pZwokRkdTRs6PILf4,"Interlude Coffee & Tea",4.7,243,"'Coffee shop'",28
ChIJxxv9MMxZwokRGKNDD-Y3NM8,"dae day coffee",4.7,218,"'Coffee shop'",29
ChIJkUd-KWFZwokRt_NBYp_Erck,"Overflow Coffee",4.7,185,"'Coffee shop'",30
ChIJi0V-IohdwokRxK8_n0T4jVQ,"Loveless Coffees",4.7,162,"'Coffee shop'",31
ChIJfZ0HDa5ZwokR7nSa3-Vg61g,"260‚Äôs New York",4.7,152,"'Coffee shop'",32
ChIJwbNxnuJZwokRgV0wPzlX7eM,"Moka & Co",4.6,717,"'Coffee shop'",33
ChIJzR7LmFNYwokRlXRHqIpPRBw,"St Kilda Coffee",4.6,710,"'Coffee shop'",34
ChIJTTCzMJZZwokRRFcmxSz_te8,"ARVACI coffee",4.6,698,"'Coffee shop'",35
ChIJ748f5D9ZwokRNXAVDq2Zzr0,"Haraz Coffee House",4.6,590,"'Coffee shop'",36
ChIJV90jFK9ZwokR4G-WwPhjlsc,"King's Street Coffee",4.6,486,"'Coffee shop'",37
ChIJf2O7ky_Tw4kRlyj-Jpsxlm8,"Afficionado Coffee Roasters",4.6,415,"'Coffee shop'",38
ChIJk4_mPB1ZwokRIP26AjdrLkc,"Pennylane Coffee",4.6,367,"'Coffee shop'",39
ChIJA6YpybdZwokR7GAR1rndWsI,"Oslo Coffee Roasters (West Village)",4.6,233,"'Coffee shop'",40
ChIJi7gKOIlbwokRoPYLopZaSwI,"Sawada Coffee",4.6,209,"'Coffee shop'",41
ChIJ61t86tdZwokReFEp9XveXEQ,"In√®s",4.6,131,"'Coffee shop'",42
ChIJSRYOgiZawokRay4l5pFtt84,"Oliver Coffee",4.6,130,"'Coffee shop'",43
ChIJH1KZKilZwokRYwSxtHI3_N0,"Devoci√≥n",4.5,927,"'Coffee shop'",44
ChIJLaKILPBZwokRmqMEPKt0R68,"drip coffee makers",4.5,78,"'Coffee shop'",45
ChIJK1yXQO9YwokRPj9clv8k-gQ,"Birch Coffee",4.5,699,"'Coffee shop'",46
ChIJMwm7aRZawokR9y8LTeJddIc,"La Colombe Coffee Workshop",4.5,575,"'Coffee shop'",47
ChIJcRAM_75ZwokRyDZR-adnxdo,"Terremoto Coffee",4.5,551,"'Coffee shop'",48
ChIJfzFqxVFYwokRKyAbRK6Nhqw,"The Jolly Goat Coffee Bar",4.5,512,"'Coffee shop'",49
ChIJq6oum4hZwokRfG222QtKeGY,"Caf√© Integral",4.5,487,"'Coffee shop'",50
ChIJFzVdjyJawokRy2JFNZcc8bY,"Birch Coffee",4.5,460,"'Coffee shop'",51
ChIJVfwJmS9ZwokRToEKOJ0YhZE,"Black Press Coffee",4.5,450,"'Coffee shop'",52
ChIJW9WDJwRZwokRusLtabnH-KU,"Perk Coffee",4.5,428,"'Coffee shop'",53
ChIJyQ5DNwNZwokROgxq0fj06is,"Ground Central Coffee Company",4.5,298,"'Coffee shop'",54
ChIJJR04UgBZwokRdIavUHMRFDI,"Caffe Paradiso",4.5,264,"'Coffee shop'",55
ChIJUfk89QNZwokRjzQ5y6vjx8I,"Gumption Coffee",4.5,264,"'Coffee shop'",55
ChIJQ_ujRaJZwokRIrdMi9X7tH0,"Le Cafe Coffee",4.5,24,"'Coffee shop'",57
ChIJw9SgYQBZwokRFt79PfEy8NY,"% Arabica New York Midtown",4.5,233,"'Coffee shop'",58
ChIJl8vdYABZwokRobwgxVclY4I,"Coffee Project New York | Tribeca",4.5,22,"'Coffee shop'",59
ChIJoX8prKxbwokRRdoG4EbHC14,"Hungry Ghost Coffee",4.5,195,"'Coffee shop'",60
ChIJRVlAxJxZwokRjCZrW4x6aUg,"Elsewhere Espresso.",4.5,169,"'Coffee shop'",61
ChIJdff1SRBZwokReaLUMoHGzBk,"Bunny&Bro Coffee",4.5,159,"'Coffee shop'",62
ChIJW84VC9tZwokRNQKWjZmwjm8,"Cafe Grumpy - Rockefeller Center",4.5,121,"'Coffee shop'",63
ChIJH_L81YZZwokRby9OPNXaVEM,"Le Cafe Coffee",4.5,118,"'Coffee shop'",64
ChIJGRtdgbZZwokR44Na7wh0Vb4,"ROAST COFFEE",4.5,114,"'Coffee shop'",65
ChIJ49KnM6VZwokRArJkBByO0Dc,"Variety Coffee Roasters",4.4,885,"'Coffee shop'",66
ChIJdxKH8ZZZwokRAbjGVKRCMRk,"Coffee Rx",4.4,57,"'Coffee shop'",67
ChIJyx9hdS5ZwokRN1HsBgh5EyM,"Blank Street",4.4,548,"'Coffee shop'",68
ChIJwzJiMKxZwokR_M9bYRui2a4,"Madman Espresso",4.4,450,"'Coffee shop'",69
ChIJWXJM5vhZwokRwiUqBiRXp1k,"Fellini Coffee Soho",4.4,428,"'Coffee shop'",70
ChIJAQA048FYwokRTaaCBdIdYvM,"Le Reveil Coffee",4.4,314,"'Coffee shop'",71
ChIJnV8HPTJZwokR_lv7-9zFWVE,"Ten Thousand Coffee",4.4,288,"'Coffee shop'",72
ChIJYwsOK-ZZwokRSMs_IwYNnYs,"Le Cafe Coffee",4.4,286,"'Coffee shop'",73
ChIJawZBcp5ZwokRkhLRB0OEH6U,"Sammy L Coffee",4.4,251,"'Coffee shop'",74
ChIJo7aE7KVZwokRTFQSEMeHNhM,"Patent Coffee",4.4,185,"'Coffee shop'",75
ChIJPY2yZV9ZwokRaFYiLjSepNQ,"Le Cafe Coffee",4.4,177,"'Coffee shop'",76
ChIJTSMGZHxZwokRm09isnto2eg,FifthSip.,4.4,141,"'Coffee shop'",77
ChIJIf52FrhZwokRPOQ-1eVYVOY,"Le Cafe Coffee",4.4,120,"'Coffee shop'",78
ChIJfYfBk_tYwokRozvC5UCvOWM,"Blue Bottle Coffee",4.3,937,"'Coffee shop'",79
ChIJoWoj3YNZwokROOadcIr5tXo,"Ludlow Coffee Supply",4.3,554,"'Coffee shop'",80
ChIJc0EmQ5tZwokReaQVdBEl2Ro,ENLY,4.3,516,"'Coffee shop'",81
ChIJxb7V7_9YwokR23mRwfzp9Xk,"Gregorys Coffee",4.3,395,"'Coffee shop'",82
ChIJ238atlJYwokRw-vofQS_qow,"Corvo Coffee",4.3,394,"'Coffee shop'",83
ChIJu02Lm2tZwokRY0GI0GtzAKI,"Le Cafe Coffee",4.3,375,"'Coffee shop'",84
ChIJr0xfoAFZwokRE0hSsVju2Jk,"Blue Bottle Coffee",4.3,293,"'Coffee shop'",85
ChIJBaNI0o1ZwokRwWENuLFqsUY,"La Colombe Coffee Workshop",4.3,248,"'Coffee shop'",86
ChIJPQZCf_xYwokRh7UAnHaBDpU,"Gregorys Coffee",4.3,225,"'Coffee shop'",87
ChIJhUlV15hZwokR9b9PY28zvf0,"Le Cafe Coffee",4.3,160,"'Coffee shop'",88
ChIJY-9OYONYwokRGu6JhNBwq-s,"Gregorys Coffee",4.3,159,"'Coffee shop'",89
ChIJXcUIHylZwokRitpVUpEPoUs,"Foreigner NYC",4.3,155,"'Coffee shop'",90
ChIJwx32VexbwokRFDmC8xoRMvU,"The Mandarin",4.3,108,"'Coffee shop'",91
ChIJxb7V7_9YwokRsQh0iiKujvc,"Gregorys Coffee",4.2,966,"'Coffee shop'",92
ChIJ1_ePRTdZwokRb13A58rsG3c,"Birch Coffee",4.2,95,"'Coffee shop'",93
ChIJ9cZGKadZwokRMcfI_Q5jg_g,"Gregorys Coffee",4.2,676,"'Coffee shop'",94
ChIJXaZb6BJZwokRtn0wzmpDqV4,"Ralph's Coffee",4.2,615,"'Coffee shop'",95
ChIJJTMm8wdZwokRsBOVpiDblIQ,"Gregorys Coffee",4.2,491,"'Coffee shop'",96
ChIJtyw2PcJYwokRd030F8519lI,"Gregorys Coffee",4.2,405,"'Coffee shop'",97
ChIJ0XwW4wBZwokRiu0v-LnJXbQ,"Gregorys Coffee",4.2,381,"'Coffee shop'",98
ChIJy4JbCThZwokR0r51DUEjozc,"About Coffee",4.2,329,"'Coffee shop'",99
ChIJ0xFR8UxZwokRPZE5EHek9UQ,"Ground Central Coffee Company",4.2,214,"'Coffee shop'",100
ChIJfe_2P1NZwokR6CnObz22-7M,"Coffee Project New York | Hell's Kitchen",4.2,213,"'Coffee shop'",101
ChIJsfhtNd1ZwokRyXbDkIthBHI,"Ground Central Coffee Company",4.2,143,"'Coffee shop'",102
ChIJXWr5O5lZwokRzroDGzxfyC8,"Think Coffee",4.1,875,"'Coffee shop'",103
ChIJ_9SzGFZYwokRFCRsNMWVVL0,"Gregorys Coffee",4.1,843,"'Coffee shop'",104
ChIJA5V7V69ZwokRNI_y14Yvu-w,"üß≥ Paper Coffee",4.1,680,"'Coffee shop'",105
ChIJC-wY5I9ZwokR-DBzX6Oj32M,"Gregorys Coffee",4.1,316,"'Coffee shop'",106
ChIJHdCCFdxZwokRyF_NVJkBdU0,"Joe Coffee Company",4.1,161,"'Coffee shop'",107
ChIJQTNrM69ZwokR3ggxzgeelqQ,"Gregorys Coffee",4.1,1374,"'Coffee shop'",108
ChIJZwFsq61ZwokRCquELy8Q3Gw,"Gregorys Coffee",4.0,798,"'Coffee shop'",109
ChIJ6fMuIIVZwokREpOIPZMzxWk,"Think Coffee",4.0,590,"'Coffee shop'",110
ChIJi4ejSRFawokRzGyNxb9rFHk,"Gregorys Coffee",4.0,416,"'Coffee shop'",111
ChIJY6q6vqxZwokR3X1qxq3EWkU,"Gregorys Coffee",4.0,359,"'Coffee shop'",112
ChIJfQy0H_tYwokRUHtQgXxEsPY,"Gregorys Coffee",4.0,310,"'Coffee shop'",113
ChIJQd4g1r9YwokRtdoZ53HYkfU,"Handcraft Coffee",4.0,288,"'Coffee shop'",114
ChIJ16NCtlNYwokRY7BNbgW1m1o,"Gregorys Coffee",4.0,245,"'Coffee shop'",115
ChIJMaNxh5tZwokRXA1h90zrKZk,"Ralph's Coffee",4.0,234,"'Coffee shop'",116
ChIJCYRDb_9ZwokRQF4uMNN1WS4,"Dan Jones Coffee Bar",4.0,156,"'Coffee shop'",117
ChIJH3MoCspZwokRbK5_rw0-0dM,"Think Coffee",3.9,663,"'Coffee shop'",118
ChIJTelZVEhZwokRwzl8JdiS3EI,"Gumption Coffee",3.9,55,"'Coffee shop'",119
ChIJmbazxfdYwokRlg4smtaLroM,"Nordstrom Ebar Artisan Coffee ‚Äì Men‚Äôs Store",3.9,21,"'Coffee shop'",120
ChIJ-Uqs511ZwokRXGryze5zDMY,"Verve Coffee",3.8,38,"'Coffee shop'",121
ChIJn84RP29ZwokR-ugKkdBspSo,"Blue Bottle Coffee",2.9,138,"'Coffee shop'",122
ChIJe5A9k8ZbwokRgdccyrMz6FM,"Artbean Coffee Roasters",4.7,349,"'Coffee shop', 'Art gallery', 'Cafe'",1
ChIJyfJXNphZwokRbo-oe0DjVT4,"Drip Drop Caf√©, coffee shop",4.7,736,"'Coffee shop', 'Art gallery', 'Cafe', 'Coffee store', 'Internet cafe'",1
ChIJv5LcpIRZwokRJdoHntqgF6I,"The Bean",4.0,684,"'Coffee shop', 'A√ßa√≠ shop', 'Bakery', 'Breakfast restaurant', 'Cafe', 'Caterer', 'Gluten-free restaurant', 'Health food restaurant', 'Juice shop', 'Vegetarian cafe and deli'",1
ChIJhxCTWhJZwokRIAYkdUUdRz0,"GRIND THE NYC COFFEE SHOP & BAGEL HOUSE",4.7,1753,"'Coffee shop', 'Bagel shop'",1
ChIJK2WWzN5ZwokR1cM9703tZB0,"Royal Coffee",5.0,183,"'Coffee shop', 'Bagel shop', 'Breakfast restaurant', 'Brunch restaurant', 'Cafe', 'Health food restaurant', 'Juice shop', 'Sandwich shop', 'Vegetarian restaurant'",1
ChIJT994RulZwokRdgqQX0zc3QY,"La Cabra Bakery",4.7,1419,"'Coffee shop', 'Bakery'",1
ChIJ2T1EXgFZwokRVG8NDLKQi_8,"Cafe Aroma",4.6,538,"'Coffee shop', 'Bakery'",2
ChIJeSGI4wNZwokRmkWh-xtbuPU,"Cafe La Fe, coffee shop and bubble tea.",4.9,142,"'Coffee shop', 'Bakery', 'Breakfast restaurant', 'Bubble tea store', 'Ice cream shop', 'Juice shop', 'Latin American restaurant', 'Takeout Restaurant', 'Pastry shop', 'Tea house'",1
ChIJhXxIXildwokR8lM-ySNg4j0,"La Cabra",4.3,219,"'Coffee shop', 'Bakery', 'Cafe', 'Coffee roasters'",1
ChIJzceONJJZwokRijklbnp78UY,"Think Coffee",3.8,147,"'Coffee shop', 'Bakery', 'Cafe', 'Dessert shop', 'Sandwich shop'",1
ChIJdco4TKpZwokRdtg39W89yog,"Culture Espresso",4.6,2142,"'Coffee shop', 'Bakery', 'Cookie shop'",1
ChIJR6Ycl4pZwokRtm3STkqyTH0,"Jack‚Äôs Stir Brew Coffee",4.0,138,"'Coffee shop', 'Bakery', 'Restaurant', 'Tea house', 'Vegan restaurant'",1
ChIJj9E4GWxZwokR3JjtB6sR9GQ,"Bluestone Lane Upper East Side Caf√©",4.3,1629,"'Coffee shop', 'Bar', 'Cafe'",1
ChIJNdeG1v1YwokR57tpo9s3kxc,"Bluestone Lane Midtown East Coffee Shop",4.2,481,"'Coffee shop', 'Bar', 'Cafe'",2
ChIJ69HpqapZwokRifH42t_Dkzk,"Bluestone Lane Bryant Park Coffee Shop",4.1,899,"'Coffee shop', 'Bar', 'Cafe'",3
ChIJ0wfgTlNYwokRBmH2Q2p-veA,"Bluestone Lane Times Square Coffee Shop",4.1,611,"'Coffee shop', 'Bar', 'Cafe'",4
ChIJ_0SkkKtZwokRZlbtIC9fYMg,"Bluestone Lane Garment District Coffee Shop",4.1,288,"'Coffee shop', 'Bar', 'Cafe'",5
ChIJXeEtRpRZwokRiB3XgC8ccO0,"Partners Coffee West Village",4.4,503,"'Coffee shop', 'Bar', 'Coffee roasters'",1
ChIJL1fyf6BZwokRjnzysdh3BvE,"Saltwater Coffee & Wine Bar",4.2,190,"'Coffee shop', 'Beer store', 'Book store', 'Wine bar'",1
ChIJpWWlMXpZwokRRkqlyORSG-A,"Ground Central Coffee Company",4.5,306,"'Coffee shop', 'Book store'",1
ChIJ1X3dvldYwokRyajPtakhQLk,"Ground Central Coffee Company",4.5,1110,"'Coffee shop', 'Book store'",2
ChIJVVUR0oRZwokRWwiD0fvlmLY,"Three Jewels Caf√©",4.7,168,"'Coffee shop', 'Book store', 'Cafe', 'Gift shop', 'Store', 'Tea house'",1
ChIJNfETS5ZZwokRJeH4fxx77iI,OCAFE,4.3,627,"'Coffee shop', 'Brazilian restaurant', 'Cafe'",1
ChIJSzbFnLpZwokRbLnS40fKlpQ,"Bean & Bean Chelsea",4.2,759,"'Coffee shop', 'Breakfast restaurant', 'Brunch restaurant', 'Cafe', 'Cafeteria', 'Coffee roasters', 'Lunch restaurant', 'Snack bar'",1
ChIJ8eUFKhdawokRFjMYpdzFwVk,"Bean & Bean Wall St",4.5,653,"'Coffee shop', 'Breakfast restaurant', 'Brunch restaurant', 'Cafe', 'Cafeteria', 'Coffee roasters', 'Lunch restaurant', 'Snack bar', 'Tea store'",1
ChIJhXVzs1RZwokRHF-33kcY5Io,"Irving Farm New York",4.2,14,"'Coffee shop', 'Breakfast restaurant', 'Brunch restaurant', 'Cafe', 'Coffee roasters', 'Coffee store', 'Espresso bar', 'Lunch restaurant', 'Pastry shop', 'Tea house'",1
ChIJAc9Po5FZwokRXjgXoZ4y38I,"Irving Farm Coffee",3.9,350,"'Coffee shop', 'Breakfast restaurant', 'Brunch restaurant', 'Cafe', 'Coffee roasters', 'Coffee store', 'Espresso bar', 'Lunch restaurant', 'Pastry shop', 'Tea house'",2
ChIJ63KtJppZwokRHF7yd-syVNA,"Solid State Coffee",4.7,652,"'Coffee shop', 'Breakfast restaurant', 'Brunch restaurant', 'Cafe', 'Coffee roasters', 'Lunch restaurant'",1
ChIJ3wsoxKFZwokRRg8OvEjE0bc,"Irving Farm Coffee",4.2,651,"'Coffee shop', 'Breakfast restaurant', 'Brunch restaurant', 'Cafe', 'Coffee store', 'Espresso bar', 'Lunch restaurant', 'Pastry shop', 'Sandwich shop', 'Tea house'",1
ChIJ_dckWptZwokR_LkU9WxPNZ4,"Coffee Project New York | East Village",4.6,803,"'Coffee shop', 'Breakfast restaurant', 'Cafe'",1
ChIJ3ziX-h9ZwokRgTE-XdwJuIQ,"White Noise Coffee - Coffee Shop & Roastery",4.7,392,"'Coffee shop', 'Breakfast restaurant', 'Cafe', 'Coffee roasters', 'Coffee store', 'Coffee wholesaler', 'Espresso bar', 'Internet cafe'",1
ChIJ4awqvz9ZwokR1JUpz3czMEE,"The Clock Coffee Shop",4.4,149,"'Coffee shop', 'Breakfast restaurant', 'Lunch restaurant'",1
ChIJkYYPVA9ZwokRNbLfgJpb5Ms,"Whistle & Fizz",4.6,312,"'Coffee shop', 'Bubble tea store', 'Cafe'",1
ChIJD7LwAXpZwokR_qmGocyhRJQ,"787 Coffee",4.9,2434,"'Coffee shop', 'Cafe'",1
ChIJoVAtgOxbwokRLSQFeYiJjOI,"Suited NYC",4.6,669,"'Coffee shop', 'Cafe'",2
ChIJjaUVz55ZwokRVITWl5zRePw,"Everyman Espresso",4.5,503,"'Coffee shop', 'Cafe'",3
ChIJNRSB1_JZwokRYW_A3fPF5nA,"La Colombe Coffee Workshop",4.5,470,"'Coffee shop', 'Cafe'",4
ChIJ7S-RlSRZwokR9BqMvREZt20,"Black Fox Coffee",4.5,361,"'Coffee shop', 'Cafe'",5
ChIJ19r2XwhZwokRu9S4dTw2nV4,"Birch Coffee",4.5,324,"'Coffee shop', 'Cafe'",6
ChIJPdvZ77xYwokRCdSJZL-hWm8,"Variety Coffee Roasters",4.4,576,"'Coffee shop', 'Cafe'",7
ChIJlQHSEplZwokRvhA5XFQlX_A,"outro nyc",4.4,518,"'Coffee shop', 'Cafe'",8
ChIJd1M9O0xbwokRi1mu1DC93xY,"% Arabica",4.4,1493,"'Coffee shop', 'Cafe'",9
ChIJm977xR5ZwokR1IlUEsz8laE,"IndiCo Coffee Co.",4.4,101,"'Coffee shop', 'Cafe'",10
ChIJ3Xrz-apZwokRlXC_woD9axg,"La Colombe Coffee Workshop",4.3,837,"'Coffee shop', 'Cafe'",11
ChIJaR0w9iBawokRGwkdqcC9EPk,"Think Coffee",4.3,575,"'Coffee shop', 'Cafe'",12
ChIJt-lHueVZwokRQNSX5Vidm4M,"Blue Bottle Coffee",4.3,430,"'Coffee shop', 'Cafe'",13
ChIJ36W7DhRawokRlnblvodsHUo,"Cafe Grumpy - Financial District",4.3,317,"'Coffee shop', 'Cafe'",14
ChIJkXKOZZhZwokRN_djxuoBfQM,"Le Cafe Coffee",4.3,259,"'Coffee shop', 'Cafe'",15
ChIJX47hPvRbwokR0M4cPSS6fuw,"Blue Bottle Coffee",4.2,226,"'Coffee shop', 'Cafe'",16
ChIJgx_-JDZZwokRTAPqxJVrBh8,"Blue Bottle Coffee",4.1,678,"'Coffee shop', 'Cafe'",17
ChIJMTaY5fVZwokRCz95ALVLoWs,"Blue Bottle Coffee",4.1,322,"'Coffee shop', 'Cafe'",18
ChIJ5f3VIgdZwokRsbIrUR5neqs,"Blue Bottle Coffee",4.0,134,"'Coffee shop', 'Cafe'",19
ChIJiRqGMOtZwokRptjdrnRBTYU,"Kilogram Cafe",4.4,78,"'Coffee shop', 'Cafe', 'Cafeteria', 'Coffee store', 'Espresso bar', 'Juice shop', 'Tea house'",1
ChIJGdttgs1ZwokRPg83MF5U78I,"Greenport Cafe",4.4,33,"'Coffee shop', 'Cafe', 'Cafeteria', 'Deli', 'Juice shop', 'Pastry shop'",1
ChIJB9FFib9ZwokRPzsGaqjCnoo,"Kobrick Coffee Co.",4.3,1465,"'Coffee shop', 'Cafe', 'Cocktail bar'",1
ChIJoZLve8JZwokRiI2HC6SgXpY,"787 Coffee",4.9,2923,"'Coffee shop', 'Cafe', 'Coffee roasters', 'Coffee stand', 'Coffee store', 'Internet cafe', 'Tea house'",1
ChIJC_LvoIhawokRFL5-CuLYkco,"Gotham Coffee Roasters",4.4,264,"'Coffee shop', 'Cafe', 'Coffee roasters', 'Coffee store', 'Coffee wholesaler'",1
ChIJT2h1HKZZwokR0kgzEtsa03k,"Stumptown Coffee Roasters",4.5,1660,"'Coffee shop', 'Cafe', 'Coffee roasters', 'Coffee store', 'Tea market place', 'Tea store'",1
ChIJf9-RLIRZwokRjcvtdkHcriM,"Felix Roasting Co.",4.4,724,"'Coffee shop', 'Cafe', 'Coffee roasters', 'Coffee wholesaler'",1
ChIJ3XEat4RZwokRXM4XlDVAX2Y,"Kona Coffee Roasters | East Village",4.4,336,"'Coffee shop', 'Cafe', 'Coffee roasters', 'Coffee wholesaler'",2
ChIJ1UFNgYNZwokRcHhfzdnHmpc,"The Lazy Llama Coffee Bar",4.6,379,"'Coffee shop', 'Cafe', 'Coffee store'",1
ChIJq4PkgFVYwokRqNezQUFocOQ,"For Five Coffee Times Square",4.0,532,"'Coffee shop', 'Cafe', 'Coffee store', 'Cookie shop', 'Dessert shop', 'Espresso bar', 'Event venue', 'Internet cafe', 'Juice shop', 'Pastry shop'",1
ChIJReIO4qZZwokRclY6YTr5ODg,"Lucky Lucky Cafe",4.5,124,"'Coffee shop', 'Cafe', 'Coffee store', 'Dessert shop', 'Espresso bar', 'Pastry shop', 'Pizza delivery', 'Pizza restaurant'",1
ChIJJd-4_1NYwokRtEqmmFU9Z5o,"Frisson Espresso",4.7,1240,"'Coffee shop', 'Cafe', 'Coffee store', 'Espresso bar', 'Pastry shop'",1
ChIJBzBASuRYwokRfDfcAMsM0w8,"WFM Coffee Bar",4.1,24,"'Coffee shop', 'Cafe', 'Coffee store', 'Juice shop'",1
ChIJVbMRX7tYwokRmAX0nAO_7UE,"WFM Coffee Bar",4.0,5,"'Coffee shop', 'Cafe', 'Coffee store', 'Juice shop'",2
ChIJCddLmANZwokREozNkIX05i0,"WFM Coffee Bar",3.2,5,"'Coffee shop', 'Cafe', 'Coffee store', 'Juice shop'",3
ChIJTVhsxFNYwokRXgPwYnY0vgI,"Bird & Branch Coffee Roasters",4.6,864,"'Coffee shop', 'Cafe', 'Corporate gift supplier', 'Dessert shop'",1
ChIJdQpAR71ZwokRkeF531Jk8_Q,"Think Coffee",4.0,464,"'Coffee shop', 'Cafe', 'Dessert shop', 'Sandwich shop'",1
ChIJS-gkDZBZwokRTU47k4eihtE,"Think Coffee",4.1,948,"'Coffee shop', 'Cafe', 'Dessert shop', 'Sandwich shop', 'Wi-Fi spot'",1
ChIJu0pLiI9ZwokRHb_t5VKxqy8,"Gasoline Alley Coffee",4.6,543,"'Coffee shop', 'Cafe', 'Espresso bar'",1
ChIJka6YlSlawokRMhN3aYCZWG0,"Caf√© Grumpy - Lower East Side",4.3,232,"'Coffee shop', 'Cafe', 'Espresso bar'",2
ChIJMS8L3f9ZwokRJ279Y_a9wFw,"Blank Street",4.6,380,"'Coffee shop', 'Cafe', 'Pastry shop'",1
ChIJ6Ut94KRZwokRS6TsJWWJ7CI,"Blank Street",4.6,230,"'Coffee shop', 'Cafe', 'Pastry shop'",2
ChIJqU4hWWpZwokR2oJ9UNcFgpA,"Blank Street",4.5,104,"'Coffee shop', 'Cafe', 'Pastry shop'",3
ChIJ0-s-5RtZwokRQzUAzilltN4,"Blank Street Coffee",4.3,132,"'Coffee shop', 'Cafe', 'Pastry shop'",4
ChIJjV0vETNZwokRNc11EkX46RQ,"Blank Street",4.2,126,"'Coffee shop', 'Cafe', 'Pastry shop'",5
ChIJm94P8jRZwokRnLnucuQWGxc,"Blank Street Coffee",4.0,194,"'Coffee shop', 'Cafe', 'Pastry shop'",6
ChIJW7wU9epZwokRADGJmBNcoas,"Cafe Hatou",4.6,49,"'Coffee shop', 'Cafe', 'Sandwich shop'",1
ChIJOzyVqZZZwokRbNBEKeJZADs,"Joe Coffee Company: Waverly",4.5,582,"'Coffee shop', 'Catering food and drink supplier', 'Caterer', 'Coffee machine supplier', 'Coffee store', 'Coffee wholesaler', 'Coffin supplier', 'Mobile caterer'",1
ChIJ5fQIH4VYwokRrlU4_6lUNGg,"Joe Coffee Company: W 85th St",4.4,444,"'Coffee shop', 'Catering food and drink supplier', 'Caterer', 'Coffee machine supplier', 'Coffee store', 'Coffee wholesaler', 'Coffin supplier', 'Mobile caterer'",2
ChIJsy4N14pYwokRq-HApXG-tLo,"Joe Coffee Company: W 68th St",4.3,455,"'Coffee shop', 'Catering food and drink supplier', 'Caterer', 'Coffee machine supplier', 'Coffee store', 'Coffee wholesaler', 'Coffin supplier', 'Mobile caterer'",3
ChIJs_ON7LlZwokRmKAaVhqevLo,"Joe Coffee Company: Chelsea",4.3,296,"'Coffee shop', 'Catering food and drink supplier', 'Caterer', 'Coffee machine supplier', 'Coffee store', 'Coffee wholesaler', 'Coffin supplier', 'Mobile caterer'",4
ChIJbSf_R5hZwokRsiFxyNhkkHo,"Joe Coffee Company: 13th Street",4.2,252,"'Coffee shop', 'Catering food and drink supplier', 'Caterer', 'Coffee machine supplier', 'Coffee store', 'Coffee wholesaler', 'Coffin supplier', 'Mobile caterer'",5
ChIJ0_sftbdZwokR5js23m5CrOo,"Joe Coffee Company: Union Square",3.9,112,"'Coffee shop', 'Catering food and drink supplier', 'Caterer', 'Coffee machine supplier', 'Coffee store', 'Coffee wholesaler', 'Coffin supplier', 'Mobile caterer'",6
ChIJRQ24LiZZwokRmZd3-UK6sMQ,"Think Coffee",3.7,363,"'Coffee shop', 'Coffee roasters'",1
ChIJ2-ZTxodZwokRA9AjwWXP0qk,"Kona Coffee Roasters",4.2,185,"'Coffee shop', 'Coffee roasters', 'Coffee wholesaler'",1
ChIJA-Gr42FZwokRJVBrUTfm7zw,"Dark Matter Coffee - Adios Amigos",4.7,103,"'Coffee shop', 'Coffee store'",1
ChIJyV6HYy1ZwokRvQgn3lwGuJE,"Black Fox Coffee",4.5,281,"'Coffee shop', 'Coffee store'",2
ChIJG3Qn9KhZwokRbLEgvIuSq6o,COFFEED,4.1,30,"'Coffee shop', 'Coffee store'",3
ChIJ1WdrGKBZwokRae3IJ-W5_7c,"Marathon Coffee",4.5,85,"'Coffee shop', 'Cookie shop'",1
ChIJtYAJj5pZwokRQAdbtfvjCA0,"A's Coffee Spot",4.2,23,"'Coffee shop', 'Deli'",1
ChIJU2cGwuRYwokR1yb7K2YK9WQ,"Le Cafe Coffee",4.5,245,"'Coffee shop', 'Delivery Restaurant', 'Restaurant'",1
ChIJMdeI3ihZwokRT6vUi5QaFjQ,"Cafe Atelier",4.5,224,"'Coffee shop', 'Dessert shop', 'Florist', 'Flower delivery', 'Flower designer', 'Pastry shop', 'Tea store'",1
ChIJ8wF3FI9ZwokRrz0RxZ6u9HY,"La Colombe Coffee Workshop",4.3,719,"'Coffee shop', 'Espresso bar'",1
ChIJU6uZnpFZwokR8XYKsPF3jPU,"Third Rail Coffee",4.2,375,"'Coffee shop', 'Espresso bar'",2
ChIJlRWYJf1YwokRZwo1aC69WSU,"Manhattan Espresso Cafe",4.6,110,"'Coffee shop', 'Espresso bar', 'Pastry shop', 'Sandwich shop'",1
ChIJy6rdX7hZwokRYmiVJWN3XmQ,"Intelligentsia Coffee High Line Hotel Coffeebar",4.5,635,"'Coffee shop', 'Espresso bar', 'Tea house'",1
ChIJQYmJtx5awokR45_sopkXVNE,"Kaffe √Öre",4.3,804,"'Coffee shop', 'Espresso bar', 'Tea house'",2
ChIJY4SOj-JYwokRRSfg82cBwM0,"Remi Flower & Coffee",4.6,954,"'Coffee shop', 'Florist'",1
ChIJSXBFqNZbwokRsMMe9VmWvDo,"Cr√©me",4.6,121,"'Coffee shop', 'Ice cream shop'",1
ChIJ576lRxhZwokRJi_4MbqbB7s,"Coffee Near Me",4.6,66,"'Coffee shop', 'Ice cream shop', 'Pastry shop', 'Tea house'",1
ChIJcQM_C4FZwokR0xEGxV7HeVM,"Now or Never Coffee",4.6,392,"'Coffee shop', 'Wine bar'",1
ChIJzTYvKadZwokRHL12uY74nEg,"Saltwater Coffee",4.2,165,"'Coffee shop', 'Wine bar'",2
ChIJ9Sto4ahZwokRXpWiQYiOOOo,"Grace Street Coffee & Desserts",4.5,3388,"'Dessert restaurant', 'Bubble tea store', 'Cafe', 'Cake shop', 'Coffee shop', 'Dessert shop', 'Ice cream shop'",1
ChIJiag-Wq5ZwokR9x2Wlf7j7dc,"Krispy Kreme",4.3,1431,"'Donut shop', 'Coffee shop', 'Dessert shop', 'Fast food restaurant'",1
ChIJK-rcrc1ZwokRgYx58rvxfLw,"Sunflower Espresso Bar",4.6,30,"'Espresso bar'",1
ChIJ_abIqHtZwokRLWbw0G-lzu8,"Caf√©-Flor / Bar 21",4.2,471,"'Espresso bar', 'Bar', 'Florist'",1
ChIJJcxqGxNZwokRgNPiig9YtQk,"Angelina Bakery Times Square NYC",4.3,2086,"'Pizza restaurant', 'Donut shop', 'Pastry shop'",1
ChIJM77SlaFZwokRUdDxtDv9560,"Daily Provisions - Union Square",4.6,1233,"'Restaurant'",1
ChIJrxo4GABbwokRuo7wgcXbj7w,"Complete Cafe, LLC",4.8,284,"'Restaurant', 'Family restaurant'",1
